t,x,y,yaw,h,dx,dy,dyaw,dh
0.000000,8.430000,3.000000,0.000000,0.412000,0.000000,0.000000,0.000000,0.000000
0.009982,8.430000,3.000000,0.000000,0.412000,0.000000,0.046116,0.000000,-0.020908
0.019964,8.430000,3.000000,0.000000,0.412000,0.000000,0.092231,0.000000,-0.041816
0.029945,8.430000,3.000000,0.000000,0.412000,0.000000,0.138347,0.000000,-0.062724
0.039927,8.430000,3.000000,0.000000,0.412000,0.000000,0.184462,0.000000,-0.083632
0.049909,8.430000,3.000821,0.000000,0.411628,0.000001,0.230578,0.000000,-0.100800
0.059891,8.430000,3.002945,0.000000,0.410665,0.000001,0.276693,0.000000,-0.112042
0.069873,8.430000,3.005068,0.000000,0.409702,0.000001,0.322809,0.000000,-0.123283
0.079854,8.430000,3.007192,0.000000,0.408739,0.000001,0.368924,0.000000,-0.134525
0.089836,8.430000,3.009315,0.000000,0.407777,0.000001,0.415040,0.000000,-0.145766
0.099818,8.430000,3.013082,0.000000,0.406413,0.000001,0.461155,0.000000,-0.151262
0.109800,8.430000,3.017329,0.000000,0.404933,0.000001,0.507271,0.000000,-0.155077
0.119781,8.430000,3.021576,0.000000,0.403453,0.000001,0.553386,0.000000,-0.158892
0.129763,8.430000,3.025823,0.000000,0.401972,0.000001,0.599502,0.000000,-0.162707
0.139745,8.430000,3.030411,0.000000,0.400464,0.000001,0.645617,0.000000,-0.165801
0.149727,8.430000,3.036781,0.000000,0.398807,0.000001,0.691733,0.000000,-0.165125
0.159709,8.430000,3.043152,0.000000,0.397151,0.000001,0.737848,0.000000,-0.164449
0.169690,8.430000,3.049522,0.000000,0.395495,0.000001,0.783964,0.000000,-0.163773
0.179672,8.430000,3.055893,0.000000,0.393839,0.000001,0.830079,0.000000,-0.163098
0.189654,8.430000,3.063426,0.000000,0.392200,0.000001,0.876195,0.000000,-0.161058
0.199636,8.430000,3.071920,0.000000,0.390575,0.000001,0.922310,0.000000,-0.157889
0.209618,8.430000,3.080414,0.000000,0.388950,0.000001,0.968426,0.000000,-0.154720
0.219599,8.430000,3.088908,0.000000,0.387325,0.000001,1.014541,0.000000,-0.151552
0.229581,8.430000,3.097402,0.000000,0.385700,0.000001,1.060657,0.000000,-0.148383
0.239563,8.430000,3.107879,0.000000,0.384212,0.000001,1.106772,0.000000,-0.144048
0.249545,8.430000,3.118497,0.000000,0.382733,0.000001,1.152887,0.000000,-0.139630
0.259527,8.430000,3.129115,0.000000,0.381254,0.000001,1.199003,0.000000,-0.135213
0.269508,8.430000,3.139732,0.000000,0.379775,0.000001,1.245118,0.000000,-0.130795
0.279490,8.430000,3.151031,0.000000,0.378361,0.000001,1.291234,0.000000,-0.126229
0.289472,8.430000,3.163772,0.000000,0.377085,0.000001,1.337349,0.000000,-0.121349
0.299454,8.430000,3.176514,0.000000,0.375810,0.000001,1.383464,0.000000,-0.116470
0.309436,8.430000,3.189255,0.000000,0.374534,0.000001,1.429580,0.000000,-0.111590
0.319417,8.430000,3.201996,0.000000,0.373258,0.000001,1.475695,0.000000,-0.106710
0.329399,8.430000,3.216240,0.000000,0.372142,0.000001,1.521810,0.000000,-0.101867
0.339381,8.430000,3.231104,0.000000,0.371091,0.000001,1.567925,0.000000,-0.097038
0.349363,8.430000,3.245969,0.000000,0.370040,0.000001,1.614041,0.000000,-0.092208
0.359344,8.430000,3.260834,0.000000,0.368989,0.000001,1.660156,0.000000,-0.087379
0.369326,8.430000,3.275899,0.000000,0.367959,0.000001,1.706271,0.000000,-0.082587
0.379308,8.430000,3.292887,0.000000,0.367130,0.000001,1.752386,0.000000,-0.078147
0.389290,8.430000,3.309875,0.000000,0.366302,0.000001,1.798501,0.000000,-0.073708
0.399272,8.430000,3.326863,0.000000,0.365473,0.000001,1.844616,0.000000,-0.069268
0.409253,8.430000,3.343851,0.000000,0.364645,0.000001,1.890731,0.000000,-0.064828
0.419235,8.430000,3.361862,0.000000,0.363915,0.000001,1.936846,0.000000,-0.060682
0.429217,8.430000,3.380973,0.000000,0.363291,0.000001,1.982961,0.000000,-0.056854
0.439199,8.430000,3.400085,0.000000,0.362666,0.000000,2.029076,0.000000,-0.053025
0.449181,8.430000,3.419197,0.000000,0.362042,0.000000,2.075191,0.000000,-0.049196
0.459162,8.430000,3.438308,0.000000,0.361418,0.000000,2.121306,0.000000,-0.045367
0.469144,8.430000,3.459263,0.000000,0.360947,0.000000,2.167421,0.000000,-0.042191
0.479126,8.430000,3.480498,0.000000,0.360499,-0.000000,2.213535,0.000000,-0.039113
0.489108,8.430000,3.501734,0.000000,0.360052,-0.000000,2.259650,0.000000,-0.036036
0.499090,8.430000,3.522969,0.000000,0.359604,-0.000001,2.305764,0.000000,-0.032958
0.509071,8.430000,3.544745,0.000000,0.359192,-0.000001,2.351879,0.000000,-0.030094
0.519053,8.430000,3.568104,0.000000,0.358886,-0.000001,2.397992,0.000000,-0.027852
0.529035,8.430000,3.591462,0.000000,0.358580,-0.000001,2.444106,0.000000,-0.025610
0.539017,8.430000,3.614821,0.000000,0.358274,-0.000002,2.490220,0.000000,-0.023369
0.548999,8.430000,3.638180,0.000000,0.357968,-0.000002,2.536334,0.000000,-0.021127
0.558980,8.430000,3.662901,0.000000,0.357728,-0.000003,2.582447,0.000000,-0.019451
0.568962,8.430000,3.688383,0.000000,0.357525,-0.000004,2.628558,0.000000,-0.018091
0.578944,8.430000,3.713865,0.000000,0.357322,-0.000005,2.674670,0.000000,-0.016731
0.588926,8.430000,3.739347,0.000000,0.357119,-0.000006,2.720782,0.000000,-0.015371
0.598907,8.430000,3.764890,0.000000,0.356918,0.000081,2.764713,0.000000,-0.014037
0.608889,8.430000,3.792495,0.000000,0.356778,0.003170,2.734242,0.000000,-0.013582
0.618871,8.430000,3.820101,0.000000,0.356638,0.006259,2.703770,0.000000,-0.013127
0.628853,8.430000,3.847706,0.000000,0.356497,0.009348,2.673298,0.000000,-0.012671
0.638835,8.430000,3.875312,0.000000,0.356357,0.012437,2.642826,0.000000,-0.012216
0.648816,8.430059,3.902334,0.000000,0.356226,0.017495,2.609110,0.000000,-0.012139
0.658798,8.430201,3.928537,0.000000,0.356106,0.025324,2.570825,0.000000,-0.012594
0.668780,8.430343,3.954739,0.000000,0.355987,0.033154,2.532541,0.000000,-0.013049
0.678762,8.430486,3.980941,0.000000,0.355868,0.040983,2.494256,0.000000,-0.013505
0.688744,8.430628,4.007143,0.000000,0.355748,0.048812,2.455972,0.000000,-0.013960
0.698725,8.431059,4.031932,0.000000,0.355612,0.056536,2.417581,0.000000,-0.015141
0.708707,8.431562,4.056371,0.000000,0.355472,0.064233,2.379163,0.000000,-0.016501
0.718689,8.432064,4.080810,0.000000,0.355332,0.071930,2.340746,0.000000,-0.017861
0.728671,8.432567,4.105250,0.000000,0.355192,0.079628,2.302328,0.000000,-0.019220
0.738653,8.433137,4.129355,0.000000,0.355040,0.087347,2.263932,0.000000,-0.020747
0.748634,8.433994,4.152025,0.000000,0.354837,0.095159,2.225629,0.000000,-0.022989
0.758616,8.434851,4.174696,0.000000,0.354634,0.102972,2.187327,0.000000,-0.025230
0.768598,8.435708,4.197366,0.000000,0.354431,0.110784,2.149024,0.000000,-0.027472
0.778580,8.436565,4.220036,0.000000,0.354228,0.118597,2.110721,0.000000,-0.029714
0.788561,8.437630,4.241691,0.000000,0.353966,0.126540,2.072549,0.000000,-0.032437
0.798543,8.438847,4.262598,0.000000,0.353660,0.134579,2.034472,0.000000,-0.035514
0.808525,8.440063,4.283504,0.000000,0.353354,0.142618,1.996396,0.000000,-0.038592
0.818507,8.441280,4.304411,0.000000,0.353048,0.150657,1.958320,0.000000,-0.041669
0.828489,8.442497,4.325317,0.000000,0.352741,0.158696,1.920243,0.000000,-0.044747
0.838470,8.444070,4.344536,0.000000,0.352299,0.167023,1.882455,0.000000,-0.048547
0.848452,8.445658,4.363690,0.000000,0.351851,0.175361,1.844678,0.000000,-0.052376
0.858434,8.447245,4.382843,0.000000,0.351403,0.183700,1.806901,0.000000,-0.056205
0.868416,8.448832,4.401996,0.000000,0.350956,0.192038,1.769124,0.000000,-0.060034
0.878398,8.450553,4.420542,0.000000,0.350446,0.200502,1.731472,0.000000,-0.064076
0.888379,8.452524,4.437955,0.000000,0.349822,0.209199,1.694053,0.000000,-0.068516
0.898361,8.454495,4.455369,0.000000,0.349198,0.217895,1.656634,0.000000,-0.072955
0.908343,8.456466,4.472783,0.000000,0.348574,0.226592,1.619216,0.000000,-0.077395
0.918325,8.458437,4.490196,0.000000,0.347950,0.235289,1.581797,0.000000,-0.081835
0.928307,8.460703,4.506342,0.000000,0.347175,0.244289,1.544681,0.000000,-0.086561
0.938288,8.463074,4.522032,0.000000,0.346347,0.253398,1.507675,0.000000,-0.091390
0.948270,8.465446,4.537723,0.000000,0.345518,0.262507,1.470668,0.000000,-0.096219
0.958252,8.467817,4.553413,0.000000,0.344689,0.271616,1.433661,0.000000,-0.101048
0.968234,8.470240,4.568894,0.000000,0.343834,0.280782,1.396712,0.000000,-0.105884
0.978216,8.473031,4.582881,0.000000,0.342783,0.290355,1.360169,0.000000,-0.110763
0.988197,8.475822,4.596868,0.000000,0.341732,0.299928,1.323627,0.000000,-0.115643
0.998179,8.478613,4.610854,0.000000,0.340681,0.309501,1.287084,0.000000,-0.120523
1.008161,8.481404,4.624841,0.000000,0.339630,0.319074,1.250541,0.000000,-0.125402
1.018143,8.484420,4.637969,0.000000,0.338464,0.328910,1.214261,0.000000,-0.130046
1.028124,8.487652,4.650273,0.000000,0.337189,0.338999,1.178234,0.000000,-0.134464
1.038106,8.490884,4.662577,0.000000,0.335913,0.349087,1.142207,0.000000,-0.138882
1.048088,8.494115,4.674881,0.000000,0.334638,0.359176,1.106180,0.000000,-0.143299
1.058070,8.497347,4.687185,0.000000,0.333362,0.369264,1.070153,0.000000,-0.147717
1.068052,8.500995,4.698001,0.000000,0.331904,0.379861,1.034634,0.000000,-0.151015
1.078033,8.504692,4.708646,0.000000,0.330425,0.390516,0.999174,0.000000,-0.154183
1.088015,8.508388,4.719291,0.000000,0.328946,0.401171,0.963713,0.000000,-0.157352
1.097997,8.512084,4.729936,0.000000,0.327467,0.411826,0.928253,0.000000,-0.160521
1.107979,8.515920,4.740118,0.000000,0.325946,0.422656,0.892966,0.000000,-0.162983
1.117961,8.520107,4.749130,0.000000,0.324321,0.433925,0.858120,0.000000,-0.163659
1.127942,8.524294,4.758142,0.000000,0.322697,0.445195,0.823274,0.000000,-0.164335
1.137924,8.528481,4.767154,0.000000,0.321072,0.456464,0.788428,0.000000,-0.165011
1.147906,8.532668,4.776166,0.000000,0.319447,0.467734,0.753582,0.000000,-0.165686
1.157888,8.537202,4.784102,0.000000,0.317801,0.479440,0.719172,0.000000,-0.163353
1.167870,8.541908,4.791510,0.000000,0.316145,0.491362,0.684978,0.000000,-0.159538
1.177851,8.546614,4.798917,0.000000,0.314489,0.503283,0.650784,0.000000,-0.155723
1.187833,8.551320,4.806324,0.000000,0.312833,0.515205,0.616590,0.000000,-0.151909
1.197815,8.556057,4.813642,0.000000,0.311187,0.527163,0.582433,0.000000,-0.147671
1.207797,8.561312,4.819475,0.000000,0.309706,0.539736,0.548889,0.000000,-0.136429
1.217779,8.566567,4.825308,0.000000,0.308226,0.552309,0.515346,0.000000,-0.125188
1.227760,8.571822,4.831140,0.000000,0.306745,0.564881,0.481803,0.000000,-0.113947
1.237742,8.577077,4.836973,0.000000,0.305265,0.577454,0.448260,0.000000,-0.102705
1.247724,8.582589,4.842121,0.000000,0.304014,0.584448,0.409139,0.000000,-0.087174
1.257706,8.588423,4.846409,0.000000,0.303051,0.584449,0.363024,0.000000,-0.066266
1.267687,8.594256,4.850697,0.000000,0.302089,0.584450,0.316909,0.000000,-0.045359
1.277669,8.600090,4.854985,0.000000,0.301126,0.584451,0.270794,0.000000,-0.024451
1.287651,8.605924,4.859273,0.000000,0.300163,0.584452,0.224680,0.000000,-0.003543
1.297633,8.611758,4.861798,0.000000,0.300000,0.584454,0.178566,0.000000,0.000000
1.307615,8.617592,4.863963,0.000000,0.300000,0.584457,0.132453,0.000000,0.000000
1.317596,8.623426,4.866127,0.000000,0.300000,0.584459,0.086339,0.000000,0.000000
1.327578,8.629260,4.868292,0.000000,0.300000,0.584461,0.040226,0.000000,0.000000
1.337560,8.635094,4.869038,0.000000,0.300000,0.613975,0.023624,0.000000,0.000000
1.347542,8.640928,4.869327,0.000000,0.300000,0.652975,0.016508,0.000000,0.000000
1.357524,8.646762,4.869617,0.000000,0.300000,0.691975,0.009393,0.000000,0.000000
1.367505,8.652596,4.869906,0.000000,0.300000,0.730975,0.002277,0.000000,0.000000
1.377487,8.659513,4.869998,0.000000,0.300000,0.774833,0.000019,0.000000,0.000000
1.387469,8.666932,4.869999,0.000000,0.300000,0.820946,0.000017,0.000000,0.000000
1.397451,8.674352,4.869999,0.000000,0.300000,0.867059,0.000014,0.000000,0.000000
1.407433,8.681772,4.869999,0.000000,0.300000,0.913173,0.000012,0.000000,0.000000
1.417414,8.690334,4.869999,0.000000,0.300000,0.959287,0.000011,0.000000,0.000000
1.427396,8.699629,4.869999,0.000000,0.300000,1.005401,0.000009,0.000000,0.000000
1.437378,8.708924,4.869999,0.000000,0.300000,1.051516,0.000008,0.000000,0.000000
1.447360,8.718219,4.869999,0.000000,0.300000,1.097630,0.000007,0.000000,0.000000
1.457341,8.728518,4.869999,0.000000,0.300000,1.143745,0.000006,0.000000,0.000000
1.467323,8.739688,4.870000,0.000000,0.300000,1.189860,0.000006,0.000000,0.000000
1.477305,8.750859,4.870000,0.000000,0.300000,1.235975,0.000005,0.000000,0.000000
1.487287,8.762029,4.870000,0.000000,0.300000,1.282090,0.000004,0.000000,0.000000
1.497269,8.774064,4.870000,0.000000,0.300000,1.328204,0.000004,0.000000,0.000000
1.507250,8.787110,4.870000,0.000000,0.300000,1.374320,0.000003,0.000000,0.000000
1.517232,8.800155,4.870000,0.000000,0.300000,1.420435,0.000003,0.000000,0.000000
1.527214,8.813201,4.870000,0.000000,0.300000,1.466550,0.000002,0.000000,0.000000
1.537196,8.826973,4.870000,0.000000,0.300000,1.512665,0.000002,0.000000,0.000000
1.547178,8.841894,4.870000,0.000000,0.300000,1.558780,0.000001,0.000000,0.000000
1.557159,8.856814,4.870000,0.000000,0.300000,1.604895,0.000001,0.000000,0.000000
1.567141,8.871735,4.870000,0.000000,0.300000,1.651010,0.000001,0.000000,0.000000
1.577123,8.887244,4.870000,0.000000,0.300000,1.697125,0.000000,0.000000,0.000000
1.587105,8.904040,4.870000,0.000000,0.300000,1.743240,0.000000,0.000000,0.000000
1.597087,8.920836,4.870000,0.000000,0.300000,1.789355,0.000000,0.000000,0.000000
1.607068,8.937632,4.870000,0.000000,0.300000,1.835470,-0.000000,0.000000,0.000000
1.617050,8.954878,4.870000,0.000000,0.300000,1.881586,-0.000001,0.000000,0.000000
1.627032,8.973549,4.870000,0.000000,0.300000,1.927701,-0.000001,0.000000,0.000000
1.637014,8.992220,4.870000,0.000000,0.300000,1.973816,-0.000001,0.000000,0.000000
1.646996,9.010891,4.870000,0.000000,0.300000,2.019931,-0.000001,0.000000,0.000000
1.656977,9.029874,4.870000,0.000000,0.300000,2.066046,-0.000001,0.000000,0.000000
1.666959,9.050420,4.870000,0.000000,0.300000,2.112161,-0.000001,0.000000,0.000000
1.676941,9.070967,4.870000,0.000000,0.300000,2.158276,-0.000002,0.000000,0.000000
1.686923,9.091513,4.870000,0.000000,0.300000,2.204391,-0.000002,0.000000,0.000000
1.696904,9.112233,4.870000,0.000000,0.300000,2.250506,-0.000002,0.000000,0.000000
1.706886,9.134654,4.870000,0.000000,0.300000,2.296621,-0.000002,0.000000,0.000000
1.716868,9.157076,4.870000,0.000000,0.300000,2.342735,-0.000002,0.000000,0.000000
1.726850,9.179497,4.870000,0.000000,0.300000,2.388850,-0.000002,0.000000,0.000000
1.736832,9.201954,4.870000,0.000000,0.300000,2.434965,-0.000002,0.000000,0.000000
1.746813,9.226250,4.870000,0.000000,0.300000,2.481080,-0.000002,0.000000,0.000000
1.756795,9.250547,4.870000,0.000000,0.300000,2.527194,-0.000003,0.000000,0.000000
1.766777,9.274844,4.870000,0.000000,0.300000,2.573309,-0.000003,0.000000,0.000000
1.776759,9.299141,4.870000,0.000000,0.300000,2.619424,-0.000003,0.000000,0.000000
1.786741,9.325209,4.870000,0.000000,0.300000,2.665538,-0.000003,0.000000,0.000000
1.796722,9.351381,4.870000,0.000000,0.300000,2.711652,-0.000003,0.000000,0.000000
1.806704,9.377553,4.870000,0.000000,0.300000,2.757767,-0.000003,0.000000,0.000000
1.816686,9.403725,4.870000,0.000000,0.300000,2.803881,-0.000003,0.000000,0.000000
1.826668,9.431530,4.870000,0.000000,0.300000,2.849995,-0.000003,0.000000,0.000000
1.836650,9.459577,4.870000,0.000000,0.300000,2.896109,-0.000003,0.000000,0.000000
1.846631,9.487624,4.870000,0.000000,0.300000,2.942223,-0.000003,0.000000,0.000000
1.856613,9.515672,4.870000,0.000000,0.300000,2.988336,-0.000003,0.000000,0.000000
1.866595,9.545214,4.869999,0.000000,0.300000,3.034449,-0.000003,0.000000,0.000000
1.876577,9.575136,4.869999,0.000000,0.300000,3.080562,-0.000003,0.000000,0.000000
1.886559,9.605058,4.869999,0.000000,0.300000,3.126675,-0.000003,0.000000,0.000000
1.896540,9.634980,4.869999,0.000000,0.300000,3.172788,-0.000003,0.000000,0.000000
1.906522,9.666259,4.869999,0.000000,0.300000,3.218898,-0.000003,0.000000,0.000000
1.916504,9.698057,4.869999,0.000000,0.300000,3.265008,-0.000003,0.000000,0.000000
1.926486,9.729854,4.869999,0.000000,0.300000,3.311118,-0.000003,0.000000,0.000000
1.936467,9.761651,4.869999,0.000000,0.300000,3.357228,-0.000003,0.000000,0.000000
1.946449,9.794667,4.869999,0.000000,0.300000,3.369988,-0.000002,0.000000,0.000000
1.956431,9.828339,4.869999,0.000000,0.300000,3.364760,0.000001,0.000000,0.000000
1.966413,9.862012,4.869999,0.000000,0.300000,3.359533,0.000003,0.000000,0.000000
1.976395,9.895684,4.869999,0.000000,0.300000,3.354305,0.000005,0.000000,0.000000
1.986376,9.929234,4.869999,0.000000,0.300000,3.325537,0.000006,0.000000,0.000000
1.996358,9.962694,4.869999,0.000000,0.300000,3.279427,0.000005,0.000000,0.000000
2.006340,9.996154,4.869999,0.000000,0.300000,3.233317,0.000005,0.000000,0.000000
2.016322,10.029614,4.869999,0.000000,0.300000,3.187208,0.000005,0.000000,0.000000
2.026304,10.062132,4.869999,0.000000,0.300000,3.141096,0.000005,0.000000,0.000000
2.036285,10.093717,4.869999,0.000000,0.300000,3.094984,0.000004,0.000000,0.000000
2.046267,10.125302,4.869999,0.000000,0.300000,3.048871,0.000004,0.000000,0.000000
2.056249,10.156887,4.869999,0.000000,0.300000,3.002758,0.000004,0.000000,0.000000
2.066231,10.187669,4.870000,0.000000,0.300000,2.956645,0.000004,0.000000,0.000000
2.076213,10.217378,4.870000,0.000000,0.300000,2.910531,0.000004,0.000000,0.000000
2.086194,10.247088,4.870000,0.000000,0.300000,2.864417,0.000003,0.000000,0.000000
2.096176,10.276798,4.870000,0.000000,0.300000,2.818303,0.000003,0.000000,0.000000
2.106158,10.305843,4.870000,0.000000,0.300000,2.772189,0.000003,0.000000,0.000000
2.116140,10.333677,4.870000,0.000000,0.300000,2.726075,0.000003,0.000000,0.000000
2.126121,10.361512,4.870000,0.000000,0.300000,2.679961,0.000002,0.000000,0.000000
2.136103,10.389347,4.870000,0.000000,0.300000,2.633846,0.000002,0.000000,0.000000
2.146085,10.416655,4.870000,0.000000,0.300000,2.587732,0.000002,0.000000,0.000000
2.156067,10.442614,4.870000,0.000000,0.300000,2.541617,0.000002,0.000000,0.000000
2.166049,10.468574,4.870000,0.000000,0.300000,2.495503,0.000002,0.000000,0.000000
2.176030,10.494533,4.870000,0.000000,0.300000,2.449388,0.000001,0.000000,0.000000
2.186012,10.520105,4.870000,0.000000,0.300000,2.403273,0.000001,0.000000,0.000000
2.195994,10.544189,4.870000,0.000000,0.300000,2.357159,0.000001,0.000000,0.000000
2.205976,10.568273,4.870000,0.000000,0.300000,2.311044,0.000001,0.000000,0.000000
2.215958,10.592357,4.870000,0.000000,0.300000,2.264929,0.000000,0.000000,0.000000
2.225939,10.616192,4.870000,0.000000,0.300000,2.218814,0.000000,0.000000,0.000000
2.235921,10.638401,4.870000,0.000000,0.300000,2.172699,-0.000000,0.000000,0.000000
2.245903,10.660610,4.870000,0.000000,0.300000,2.126584,-0.000001,0.000000,0.000000
2.255885,10.682819,4.870000,0.000000,0.300000,2.080470,-0.000001,0.000000,0.000000
2.265867,10.704917,4.870000,0.000000,0.300000,2.034355,-0.000001,0.000000,0.000000
2.275848,10.725250,4.870000,0.000000,0.300000,1.988240,-0.000002,0.000000,0.000000
2.285830,10.745584,4.870000,0.000000,0.300000,1.942125,-0.000002,0.000000,0.000000
2.295812,10.765918,4.870000,0.000000,0.300000,1.896010,-0.000002,0.000000,0.000000
2.305794,10.786252,4.870000,0.000000,0.300000,1.849895,-0.000003,0.000000,0.000000
2.315776,10.804738,4.870000,0.000000,0.300000,1.803780,-0.000003,0.000000,0.000000
2.325757,10.823196,4.870000,0.000000,0.300000,1.757665,-0.000004,0.000000,0.000000
2.335739,10.841655,4.870000,0.000000,0.300000,1.711550,-0.000004,0.000000,0.000000
2.345721,10.860113,4.870000,0.000000,0.300000,1.665435,-0.000005,0.000000,0.000000
2.355703,10.876862,4.870000,0.000000,0.300000,1.619320,-0.000006,0.000000,0.000000
2.365684,10.893446,4.870000,0.000000,0.300000,1.573206,-0.000006,0.000000,0.000000
2.375666,10.910029,4.870000,0.000000,0.300000,1.527091,-0.000007,0.000000,0.000000
2.385648,10.926612,4.870000,0.000000,0.300000,1.480976,-0.000007,0.000000,0.000000
2.395630,10.941625,4.870000,0.000000,0.300000,1.434861,-0.000008,0.000000,0.000000
2.405612,10.956333,4.869999,0.000000,0.300000,1.388746,-0.000009,0.000000,0.000000
2.415593,10.971041,4.869999,0.000000,0.300000,1.342632,-0.000010,0.000000,0.000000
2.425575,10.985749,4.869999,0.000000,0.300000,1.296517,-0.000011,0.000000,0.000000
2.435557,10.999025,4.869999,0.000000,0.300000,1.250402,-0.000012,0.000000,0.000000
2.445539,11.011858,4.869999,0.000000,0.300000,1.204288,-0.000013,0.000000,0.000000
2.455521,11.024690,4.869999,0.000000,0.300000,1.158173,-0.000014,0.000000,0.000000
2.465502,11.037523,4.869999,0.000000,0.300000,1.112059,-0.000015,0.000000,0.000000
2.475484,11.049062,4.869999,0.000000,0.300000,1.065944,-0.000016,0.000000,0.000000
2.485466,11.060020,4.869999,0.000000,0.300000,1.019830,-0.000018,0.000000,0.000000
2.495448,11.070977,4.869998,0.000000,0.300000,0.973716,-0.000019,0.000000,0.000000
2.505430,11.081935,4.869998,0.000000,0.300000,0.927602,-0.000021,0.000000,0.000000
2.515411,11.091737,4.869998,0.000000,0.300000,0.881488,-0.000023,0.000000,0.000000
2.525393,11.100820,4.869998,0.000000,0.300000,0.835375,-0.000025,0.000000,0.000000
2.535375,11.109902,4.869998,0.000000,0.300000,0.789261,-0.000027,0.000000,0.000000
2.545357,11.118985,4.869997,0.000000,0.300000,0.743148,-0.000029,0.000000,0.000000
2.555339,11.127050,4.869997,0.000000,0.300000,0.697036,-0.000033,0.000000,0.000000
2.565320,11.134257,4.869997,0.000000,0.300000,0.650925,-0.000037,0.000000,0.000000
2.575302,11.141465,4.869997,0.000000,0.300000,0.604814,-0.000042,0.000000,0.000000
2.585284,11.148672,4.869996,0.000000,0.300000,0.558703,-0.000047,0.000000,0.000000
2.595266,11.155001,4.869996,0.000000,0.300000,0.515916,-0.003376,0.000000,0.000000
2.605247,11.160333,4.869995,0.000000,0.300000,0.476898,-0.010473,0.000000,0.000000
2.615229,11.165665,4.869995,0.000000,0.300000,0.437880,-0.017571,0.000000,0.000000
2.625211,11.170998,4.869994,0.000000,0.300000,0.398862,-0.024669,0.000000,0.000000
2.635193,11.175703,4.869880,0.000000,0.300000,0.375250,-0.047172,0.000000,0.000000
2.645175,11.179449,4.869591,0.000000,0.300000,0.375245,-0.093283,0.000000,0.000000
2.655156,11.183195,4.869302,0.000000,0.300000,0.375241,-0.139395,0.000000,0.000000
2.665138,11.186940,4.869013,0.000000,0.300000,0.375236,-0.185506,0.000000,0.000000
2.675120,11.190686,4.868121,0.000000,0.300000,0.375233,-0.231618,0.000000,0.007019
2.685102,11.194431,4.865957,0.000000,0.300000,0.375230,-0.277731,0.000000,0.028879
2.695084,11.198177,4.863793,0.000000,0.300000,0.375228,-0.323845,0.000000,0.050739
2.705065,11.201922,4.861629,0.000000,0.300000,0.375226,-0.369958,0.000000,0.072599
2.715047,11.205668,4.859001,0.000000,0.300220,0.363822,-0.404670,0.000000,0.092359
2.725029,11.209413,4.854962,0.000000,0.301109,0.317710,-0.404674,0.000000,0.105727
2.735011,11.213159,4.850923,0.000000,0.301998,0.271598,-0.404677,0.000000,0.119094
2.744993,11.216904,4.846883,0.000000,0.302887,0.225486,-0.404681,0.000000,0.132462
2.754974,11.220324,4.842844,0.000000,0.303870,0.179378,-0.404689,0.000000,0.144525
2.764956,11.222195,4.838804,0.000000,0.305302,0.133287,-0.404714,0.000000,0.150373
2.774938,11.224065,4.834765,0.000000,0.306735,0.087196,-0.404738,0.000000,0.156222
2.784920,11.225935,4.830725,0.000000,0.308167,0.041105,-0.404763,0.000000,0.162070
2.794901,11.227070,4.826686,0.000000,0.309693,0.014683,-0.424456,0.000000,0.165991
2.804883,11.227217,4.822645,0.000000,0.311344,0.014676,-0.470566,0.000000,0.167322
2.814865,11.227363,4.818605,0.000000,0.312995,0.014670,-0.516675,0.000000,0.168653
2.824847,11.227510,4.814564,0.000000,0.314647,0.014664,-0.562784,0.000000,0.169984
2.834829,11.227656,4.809351,0.000000,0.316332,0.014660,-0.608896,0.000000,0.169365
2.844810,11.227802,4.803586,0.000000,0.318033,0.014657,-0.655009,0.000000,0.167827
2.854792,11.227949,4.797821,0.000000,0.319734,0.014654,-0.701122,0.000000,0.166290
2.864774,11.228095,4.792057,0.000000,0.321435,0.014651,-0.747234,0.000000,0.164753
2.874756,11.228241,4.784682,0.000000,0.323082,0.014649,-0.793348,0.000000,0.161587
2.884738,11.228388,4.777193,0.000000,0.324726,0.014648,-0.839462,0.000000,0.158305
2.894719,11.228534,4.769703,0.000000,0.326369,0.014646,-0.885576,0.000000,0.155023
2.904701,11.228680,4.761892,0.000000,0.327990,0.014644,-0.931690,0.000000,0.151556
2.914683,11.228826,4.752678,0.000000,0.329510,0.014643,-0.977804,0.000000,0.147285
2.924665,11.228973,4.743464,0.000000,0.331031,0.014642,-1.023919,0.000000,0.143013
2.934647,11.229119,4.734250,0.000000,0.332552,0.014641,-1.070033,0.000000,0.138742
2.944628,11.229265,4.724277,0.000000,0.334002,0.014640,-1.116148,0.000000,0.134262
2.954610,11.229411,4.713338,0.000000,0.335363,0.014639,-1.162262,0.000000,0.129516
2.964592,11.229557,4.702400,0.000000,0.336725,0.014638,-1.208377,0.000000,0.124771
2.974574,11.229703,4.691461,0.000000,0.338086,0.014637,-1.254492,0.000000,0.120026
2.984556,11.229849,4.679327,0.000000,0.339323,0.014636,-1.300606,0.000000,0.115198
2.994537,11.229995,4.666664,0.000000,0.340507,0.014635,-1.346721,0.000000,0.110335
3.004519,11.230142,4.654000,0.000000,0.341691,0.014635,-1.392836,0.000000,0.105472
3.014501,11.230288,4.641337,0.000000,0.342874,0.014634,-1.438951,0.000000,0.100608
3.024483,11.230434,4.627041,0.000000,0.343885,0.014633,-1.485066,0.000000,0.095865
3.034464,11.230580,4.612653,0.000000,0.344887,0.014633,-1.531181,0.000000,0.091129
3.044446,11.230726,4.598266,0.000000,0.345889,0.014632,-1.577295,0.000000,0.086393
3.054428,11.230872,4.583533,0.000000,0.346855,0.014632,-1.623410,0.000000,0.081716
3.064410,11.231018,4.567420,0.000000,0.347680,0.014631,-1.669525,0.000000,0.077273
3.074392,11.231164,4.551308,0.000000,0.348504,0.014631,-1.715640,0.000000,0.072829
3.084373,11.231310,4.535195,0.000000,0.349329,0.014631,-1.761755,0.000000,0.068386
3.094355,11.231456,4.518301,0.000000,0.350078,0.014630,-1.807870,0.000000,0.064123
3.104337,11.231602,4.500464,0.000000,0.350736,0.014630,-1.853985,0.000000,0.060076
3.114319,11.231748,4.482627,0.000000,0.351395,0.014630,-1.900100,0.000000,0.056030
3.124301,11.231894,4.464790,0.000000,0.352053,0.014629,-1.946215,0.000000,0.051984
3.134282,11.232040,4.445734,0.000000,0.352604,0.014629,-1.992330,0.000000,0.048260
3.144264,11.232186,4.426172,0.000000,0.353111,0.014629,-2.038445,0.000000,0.044669
3.154246,11.232332,4.406610,0.000000,0.353619,0.014629,-2.084560,0.000000,0.041079
3.164228,11.232478,4.387049,0.000000,0.354126,0.014629,-2.130675,0.000000,0.037488
3.174210,11.232624,4.365831,0.000000,0.354504,0.014629,-2.176790,0.000000,0.034357
3.184191,11.232770,4.344545,0.000000,0.354876,0.014629,-2.222904,0.000000,0.031245
3.194173,11.232916,4.323259,0.000000,0.355249,0.014629,-2.269019,0.000000,0.028133
3.204155,11.233062,4.301604,0.000000,0.355597,0.014630,-2.315134,0.000000,0.025123
3.214137,11.233208,4.278593,0.000000,0.355854,0.014630,-2.361248,0.000000,0.022488
3.224119,11.233355,4.255582,0.000000,0.356110,0.014631,-2.407362,0.000000,0.019852
3.234100,11.233501,4.232571,0.000000,0.356366,0.014632,-2.453476,0.000000,0.017216
3.244082,11.233647,4.208756,0.000000,0.356577,0.032373,-2.481850,0.000000,0.014794
3.254064,11.233793,4.184020,0.000000,0.356735,0.070392,-2.489947,0.000000,0.012614
3.264046,11.233939,4.159284,0.000000,0.356892,0.108410,-2.498043,0.000000,0.010435
3.274027,11.234085,4.134549,0.000000,0.357050,0.146429,-2.506140,0.000000,0.008256
3.284009,11.235254,4.109595,0.000000,0.357149,0.190258,-2.508407,-0.001730,0.006383
3.293991,11.236822,4.084557,0.000000,0.357226,0.236347,-2.508408,-0.004132,0.004630
3.303973,11.238390,4.059518,0.000000,0.357302,0.282436,-2.508408,-0.006534,0.002876
3.313955,11.239958,4.034480,0.000000,0.357378,0.328524,-2.508409,-0.008937,0.001123
3.323936,11.243204,4.009442,-0.000087,0.357391,0.357911,-2.508410,-1.543829,-0.000249
3.333918,11.246495,3.984403,-0.000177,0.357401,0.386840,-2.508411,-3.120810,-0.001611
3.343900,11.249787,3.959365,-0.000267,0.357412,0.415768,-2.508412,-4.697792,-0.002973
3.353882,11.253323,3.934326,-0.013721,0.357411,0.443965,-2.508525,-6.287339,-0.004146
3.363864,11.257697,3.909288,-0.072787,0.357371,0.469668,-2.509023,-7.919776,-0.004674
3.373845,11.262318,3.884245,-0.147599,0.357326,0.489443,-2.509696,-10.032956,-0.005166
3.383827,11.267111,3.859198,-0.233323,0.357277,0.505110,-2.510492,-12.479310,-0.005633
3.393809,11.272149,3.834139,-0.357185,0.357221,0.511295,-2.511662,-15.643132,-0.006046
3.403791,11.277228,3.809073,-0.499504,0.357162,0.514264,-2.512996,-19.028466,-0.006440
3.413773,11.282370,3.783994,-0.677395,0.357099,0.511317,-2.514642,-22.814440,-0.006799
3.423754,11.287480,3.758897,-0.897502,0.357032,0.504651,-2.516621,-26.770151,-0.007127
3.433736,11.292568,3.733790,-1.140307,0.356963,0.496028,-2.518777,-30.812953,-0.007437
3.443718,11.297526,3.708649,-1.445904,0.356889,0.482771,-2.521361,-35.023482,-0.007707
3.453700,11.302394,3.683491,-1.779758,0.356813,0.468207,-2.524117,-39.237741,-0.007961
3.463681,11.307135,3.658308,-2.154111,0.356734,0.451770,-2.527118,-43.457343,-0.008191
3.473663,11.311668,3.633087,-2.581867,0.356653,0.432927,-2.530367,-47.676657,-0.008394
3.483645,11.316096,3.607848,-3.034708,0.356570,0.412956,-2.533717,-51.895424,-0.008583
3.493627,11.320250,3.582562,-3.546864,0.356485,0.390323,-2.537242,-56.111322,-0.008744
3.503609,11.324217,3.557246,-4.093659,0.356398,0.366130,-2.540802,-60.325008,-0.008888
3.513590,11.328001,3.531903,-4.674659,0.356310,0.340399,-2.544397,-64.536511,-0.009016
3.523572,11.331421,3.506508,-5.315299,0.356220,0.311972,-2.547918,-68.743623,-0.009117
3.533554,11.334675,3.481092,-5.980958,0.356130,0.282413,-2.551368,-72.948754,-0.009207
3.543536,11.337568,3.455633,-6.699419,0.356038,0.250463,-2.554621,-77.149534,-0.009274
3.553518,11.340150,3.430141,-7.458719,0.355945,0.216659,-2.557608,-81.346599,-0.009324
3.563499,11.342521,3.404629,-8.245777,0.355853,0.181597,-2.560415,-85.541138,-0.009361
3.573481,11.344343,3.379072,-9.098550,0.355759,0.143557,-2.562594,-89.729119,-0.009368
3.583463,11.345940,3.353502,-9.976224,0.355666,0.104587,-2.563346,-93.810415,-0.009364
3.593445,11.347115,3.327908,-10.900160,0.355572,0.063935,-2.561168,-97.669181,-0.009338
3.603427,11.347834,3.302339,-11.867420,0.355479,0.027416,-2.530337,-98.875465,-0.009290
3.613408,11.348316,3.276817,-12.854369,0.355386,-0.007096,-2.486451,-98.876313,-0.009229
3.623390,11.348262,3.251975,-13.841332,0.355294,-0.039232,-2.441921,-98.876436,-0.009134
3.633372,11.347989,3.227435,-14.828295,0.355202,-0.070323,-2.397157,-98.876534,-0.009022
3.643354,11.347410,3.203320,-15.815260,0.355111,-0.099945,-2.352063,-98.876595,-0.008888
3.653336,11.346454,3.179779,-16.802225,0.355023,-0.127603,-2.306613,-98.876639,-0.008720
3.663317,11.345328,3.156508,-17.789191,0.354934,-0.154344,-2.261012,-98.876675,-0.008537
3.673299,11.343822,3.133873,-18.776157,0.354849,-0.178927,-2.215110,-98.876702,-0.008313
3.683281,11.342113,3.111619,-19.763124,0.354765,-0.202232,-2.169083,-98.876725,-0.008063
3.693263,11.340206,3.089733,-20.750090,0.354683,-0.224298,-2.122937,-98.876744,-0.007788
3.703244,11.337985,3.068505,-21.737057,0.354605,-0.244176,-2.076668,-98.876759,-0.007463
3.713226,11.335643,3.047552,-22.724025,0.354529,-0.263142,-2.030374,-98.876773,-0.007116
3.723208,11.333056,3.027176,-23.710992,0.354457,-0.280198,-1.984053,-98.876784,-0.006721
3.733190,11.330303,3.007254,-24.697959,0.354389,-0.295764,-1.937774,-98.876793,-0.006285
3.743172,11.327438,2.987634,-25.684927,0.354324,-0.310335,-1.891523,-98.876801,-0.005821
3.753153,11.324344,2.968743,-26.671894,0.354266,-0.322529,-1.845439,-98.876806,-0.005283
3.763135,11.321176,2.950126,-27.658862,0.354211,-0.333833,-1.799451,-98.876811,-0.004716
3.773117,11.317875,2.932014,-28.645829,0.354161,-0.343495,-1.753648,-98.876815,-0.004093
3.783099,11.314465,2.914420,-29.632797,0.354119,-0.351483,-1.708105,-98.876817,-0.003406
3.793081,11.311000,2.897098,-30.619765,0.354081,-0.358593,-1.662705,-98.876819,-0.002687
3.803062,11.307424,2.880476,-31.606733,0.354054,-0.363450,-1.617753,-98.876819,-0.001873
3.813044,11.303814,2.864162,-32.593700,0.354032,-0.367318,-1.573043,-98.876819,-0.001015
3.823026,11.300158,2.848274,-33.580668,0.354018,-0.369821,-1.528666,-98.876819,-0.000095
3.833008,11.296470,2.832955,-34.567636,0.354016,-0.370507,-1.484815,-98.876817,0.000916
3.842990,11.292772,2.817898,-35.554604,0.354019,-0.370356,-1.441223,-98.876815,0.001970
3.852971,11.289072,2.803448,-36.541571,0.354037,-0.368267,-1.398283,-98.876812,0.003130
3.862953,11.285390,2.789358,-37.528539,0.354065,-0.365035,-1.355783,-98.876809,0.004357
3.872935,11.281724,2.775609,-38.515507,0.354102,-0.360715,-1.313702,-98.876805,0.005649
3.882917,11.278120,2.762463,-39.502474,0.354157,-0.354439,-1.272641,-98.876801,0.007345
3.892899,11.274525,2.749402,-40.489442,0.354215,-0.347887,-1.231724,-98.876797,0.009098
3.902880,11.271047,2.737072,-41.476409,0.354305,-0.339017,-1.191957,-98.876792,0.011046
3.912862,11.267580,2.724814,-42.463377,0.354397,-0.329922,-1.152301,-98.876787,0.013012
3.922844,11.264282,2.713291,-43.450344,0.354526,-0.318495,-1.113957,-98.876782,0.015192
3.932826,11.260994,2.701810,-44.437312,0.354657,-0.306937,-1.075688,-98.876776,0.017383
3.942807,11.257928,2.691066,-45.424279,0.354830,-0.293043,-1.038898,-98.876769,0.019804
3.952789,11.254871,2.680348,-46.411246,0.355005,-0.279068,-1.002162,-98.876763,0.022233
3.962771,11.252083,2.670339,-47.398213,0.355226,-0.262843,-0.967023,-98.876755,0.024901
3.972753,11.249311,2.660365,-48.385181,0.355450,-0.246505,-0.931974,-98.876747,0.027581
3.982735,11.246841,2.651045,-49.372148,0.355724,-0.228089,-0.898569,-98.876739,0.030497
3.992716,11.244402,2.641782,-50.359115,0.356003,-0.209490,-0.865325,-98.876730,0.033435
4.002698,11.242293,2.633117,-51.346082,0.356334,-0.188982,-0.833763,-98.876720,0.036602
4.012680,11.240233,2.624528,-52.333048,0.356672,-0.168232,-0.802439,-98.876710,0.039799
4.022662,11.238527,2.616482,-53.320015,0.357065,-0.145738,-0.772821,-98.876698,0.043217
4.032644,11.236889,2.608528,-54.306982,0.357469,-0.122949,-0.743526,-98.876686,0.046674
4.042625,11.235624,2.601063,-55.293948,0.357929,-0.098579,-0.715950,-98.876673,0.050339
4.052607,11.234450,2.593702,-56.280915,0.358403,-0.073870,-0.688786,-98.876659,0.054050
4.062589,11.233663,2.586777,-57.267881,0.358935,-0.047738,-0.663345,-98.876643,0.057953
4.072571,11.232992,2.579967,-58.254847,0.359485,-0.021232,-0.638409,-98.876626,0.061907
4.082553,11.232717,2.573542,-59.241813,0.360093,0.006543,-0.615188,-98.876607,0.066035
4.092534,11.232585,2.567236,-60.228778,0.360723,0.034719,-0.592572,-98.876586,0.070216
4.102516,11.232855,2.561266,-61.215744,0.361413,0.064016,-0.571653,-98.876562,0.074547
4.112498,11.233295,2.555419,-62.202709,0.362127,0.093728,-0.551442,-98.876535,0.078932
4.122480,11.234140,2.549859,-63.189674,0.362902,0.124418,-0.532898,-98.876502,0.083440
4.132461,11.235184,2.544421,-64.176639,0.363706,0.146967,-0.511626,-98.876412,0.087995
4.142443,11.236631,2.539225,-65.163603,0.364569,0.153209,-0.484888,-98.876206,0.092645
4.152425,11.238122,2.534222,-66.150566,0.365465,0.159764,-0.458272,-98.875901,0.097331
4.162407,11.239691,2.529551,-67.137527,0.366419,0.166858,-0.431864,-98.875426,0.102078
4.172389,11.241315,2.525088,-68.124483,0.367411,0.161869,-0.400324,-98.875031,0.106842
4.182370,11.243023,2.520935,-69.111434,0.368458,0.138996,-0.361187,-98.874752,0.111631
4.192352,11.244534,2.517118,-70.098383,0.369547,0.117342,-0.321497,-98.874286,0.116409
4.202334,11.245794,2.513732,-71.085328,0.370688,0.097250,-0.281096,-98.873579,0.121172
4.212316,11.246866,2.510721,-72.072267,0.371873,0.078508,-0.240173,-98.872005,0.125885
4.222298,11.247731,2.508128,-73.059199,0.373108,0.061267,-0.198671,-98.869465,0.130541
4.232279,11.248425,2.505948,-74.046105,0.374389,0.046139,-0.159146,-98.625632,0.135091
4.242261,11.248952,2.504169,-75.032987,0.375714,0.033053,-0.121534,-98.148598,0.139539
4.252243,11.249339,2.502790,-76.014783,0.377088,0.022642,-0.089140,-97.126882,0.143810
4.262225,11.249609,2.501748,-76.992309,0.378501,0.014477,-0.061127,-95.647919,0.147930
4.272207,11.249787,2.501024,-77.953047,0.379961,0.008602,-0.039099,-93.567323,0.151775
4.282188,11.249897,2.500532,-78.901565,0.381455,0.004393,-0.021428,-91.048799,0.155421
4.292170,11.249957,2.500252,-79.819762,0.382992,0.001959,-0.010405,-87.881227,0.158665
4.302152,11.249984,2.500107,-80.718885,0.384558,0.000642,-0.003564,-84.305353,0.161656
4.312134,11.249995,2.500048,-81.572494,0.386161,0.000142,-0.000958,-80.323026,0.164081
4.322116,11.249997,2.500036,-82.401482,0.387786,0.000085,-0.000643,-76.120828,0.166199
4.332097,11.249998,2.500029,-83.174091,0.389438,0.000055,-0.000478,-71.904200,0.167535
4.342079,11.249999,2.500024,-83.920661,0.391104,0.000038,-0.000383,-67.680907,0.168509
4.352061,11.249999,2.500020,-84.607661,0.392783,0.000027,-0.000318,-63.454744,0.168422
4.362043,11.249999,2.500016,-85.271399,0.394468,0.000019,-0.000265,-59.227459,0.167919
4.372024,11.250000,2.500013,-85.872600,0.396145,0.000014,-0.000225,-54.998924,0.165994
4.382006,11.250000,2.500011,-86.453427,0.397820,0.000009,-0.000189,-50.769980,0.163606
4.391988,11.250000,2.500009,-86.968781,0.399458,0.000006,-0.000161,-46.540317,0.159337
4.401970,11.250000,2.500007,-87.466665,0.401086,0.000004,-0.000135,-42.310461,0.154567
4.411952,11.250000,2.500006,-87.896150,0.402637,0.000002,-0.000114,-38.080118,0.147357
4.421933,11.250000,2.500004,-88.311074,0.404171,0.000001,-0.000094,-33.849671,0.139627
4.431915,11.250000,2.500003,-88.654675,0.405576,0.000001,-0.000078,-29.618869,0.128825
4.441897,11.250000,2.500002,-88.986626,0.406959,0.000000,-0.000062,-25.388009,0.117521
4.451879,11.250000,2.500002,-89.244335,0.408143,-0.000000,-0.000050,-21.156887,0.102545
4.461861,11.250000,2.500001,-89.493306,0.409304,-0.000000,-0.000037,-16.925734,0.087136
4.471842,11.250000,2.500001,-89.665116,0.410184,-0.000000,-0.000027,-12.694386,0.067685
4.481824,11.250000,2.500000,-89.831100,0.411043,-0.000000,-0.000017,-8.463024,0.047929
4.491806,11.250000,2.500000,-89.917007,0.411529,-0.000000,-0.000008,-4.231515,0.024040
4.501788,11.250000,2.500000,-90.000000,0.412000,0.000000,0.000000,0.000000,0.000000
